{
	"district-of-columbia": {
		"washington_dc":[-77.1683,38.7867,-76.9101,38.9842]
	},
	"washington": {
		"seattle": [-122.4087,47.4285,-122.1625,47.7440]
	},
	"minnesota": {
		"minneapolis":[-93.5184,44.8490,-93.1999,45.1433],
		"saint_paul":[-93.1677,44.8582,-92.9485,45.0459]
	},
	"illinois": {
		"chicago":[-87.9780,41.4884,-87.4861,42.1730]
	},
	"north-carolina": {
		"uncc_campus":[-80.755361,35.292818,-80.715792,35.320757],
		"charlotte":[-80.987779,35.052506,-80.6067,35.388497]
	},
	"new-york": {
		"new_york":[-74.0534,40.6839,-73.9022,40.8574]
	},
	"california": {
		"los_angeles":[-118.3145,33.9150,-118.1654,34.1572],
		"san_francisco":[-122.5692,37.6623,-122.3437,37.8291]
	},
	"texas" : {
		"houston":[-95.6196,29.5880,-95.1059,29.9547],
		"dallas":[-96.9785,32.6371,-96.6055,32.9291]
	},
	"florida": {
		"miami":[-80.2910,25.6789,-80.0979,25.9945]
	}
}
